Year,Production (Metric Tons),avg_yield,Extent (Hectares),Number of Farmers,datetime,tempmax,tempmin,temp,humidity,rainfall,sunshine_hours
2004,15847.0,12.76,1240.0,4045,1/31/2004,-2.032804715,-2.363972743,-2.226068786,0.104442808,47.3,11.73967741935484
2004,15847.0,12.76,1240.0,4045,2/29/2004,-1.891224751,-2.566403733,-2.241318291,-1.372923081,26.5,11.887931034482758
2004,15847.0,12.76,1240.0,4045,3/31/2004,-1.63267763,-1.85264041,-1.772517936,-3.031054483,40.45,12.084516129032258
2004,15847.0,12.76,1240.0,4045,4/30/2004,-1.751088598,-1.800657611,-1.831514121,0.3442902560496033,140.1,12.291333333333334
2004,15847.0,12.76,1240.0,4045,5/31/2004,-2.403719831,-1.460778249,-2.049740285,0.9804045920839208,149.70000000000002,12.464193548387096
2004,15847.0,12.76,1240.0,4045,6/30/2004,-2.575634824,-1.69256808,-2.229054741,1.3536226881585074,141.4,12.55
2004,15847.0,12.76,1240.0,4045,7/31/2004,-2.683539733,-1.733701218,-2.316590369,1.6020757367631664,66.5,12.506774193548386
2004,15847.0,12.76,1240.0,4045,8/31/2004,-2.293406216,-1.772462651,-2.147805334,0.6660147668381297,63.7,12.356129032258066
2004,15847.0,12.76,1240.0,4045,9/30/2004,-2.38816574,-1.892286808,-2.275824226,1.0691532101046604,101.1,12.159
2004,15847.0,12.76,1240.0,4045,10/31/2004,-2.237288489,-1.819188762,-2.133661336,1.365879475453122,229.4,11.95516129032258
2004,15847.0,12.76,1240.0,4045,11/30/2004,-2.3587744,-1.775967109,-2.180336528,1.6875070520714774,214.1,11.782666666666668
2004,15847.0,12.76,1240.0,4045,12/31/2004,-2.219607561,-2.127156315,-2.253413848,0.8224018947096208,225.4,11.696451612903225
2005,19706.0,14.28,1380.0,3394,1/31/2005,-2.108140842,-2.420256468,-2.336391966,-0.227072054,36.5,11.741290322580646
2005,19706.0,14.28,1380.0,3394,2/28/2005,-1.660928678,-2.121163843,-1.899510827,-3.331204217,26.6,11.88892857142857
2005,19706.0,14.28,1380.0,3394,3/31/2005,-1.434728112,-2.591231557,-1.980906165,-1.892401098,48.5,12.08290322580645
2005,19706.0,14.28,1380.0,3394,4/30/2005,-1.642261206,-1.718904616,-1.701923674,0.040789369,96.0,12.289
2005,19706.0,14.28,1380.0,3394,5/31/2005,-1.570025647,-1.701311527,-1.647107826,0.1800514603944799,103.4,12.462903225806452
2005,19706.0,14.28,1380.0,3394,6/30/2005,-2.361951842,-1.516991177,-2.041976802,1.1419400014376868,104.6,12.55
2005,19706.0,14.28,1380.0,3394,7/31/2005,-2.27726276,-1.579186463,-2.041253887,1.1403459728615848,131.595,12.507096774193547
2005,19706.0,14.28,1380.0,3394,8/31/2005,-2.131971658,-1.882906187,-2.082742946,0.5147974613756088,45.1,12.35741935483871
2005,19706.0,14.28,1380.0,3394,9/30/2005,-2.28251579,-1.852782005,-2.168644157,0.7159035530847357,141.0,12.16
2005,19706.0,14.28,1380.0,3394,10/31/2005,-2.252663209,-1.865914874,-2.161006398,1.3710492978620952,115.9,11.95774193548387
2005,19706.0,14.28,1380.0,3394,11/30/2005,-2.269011661,-1.883507963,-2.158900514,1.4330871667697958,214.5,11.783666666666669
2005,19706.0,14.28,1380.0,3394,12/31/2005,-2.229601129,-2.369282528,-2.320362102,0.7254677245413393,68.3,11.696129032258064
2006,36377.0,11.4,3191.0,6917,1/31/2006,-2.527101958,-2.353353172,-2.490090071,-0.595421901,227.8,11.740967741935483
2006,36377.0,11.4,3191.0,6917,2/28/2006,-1.986049093,-2.417449867,-2.186600298,-0.23681163,32.8,11.8875
2006,36377.0,11.4,3191.0,6917,3/31/2006,-1.701479502,-2.456363009,-2.018623491,-1.184135428,146.4,12.081612903225803
2006,36377.0,11.4,3191.0,6917,4/30/2006,-1.553292827,-2.231369703,-1.836385942,-0.61028514,145.29999999999998,12.288333333333332
2006,36377.0,11.4,3191.0,6917,5/31/2006,-2.054329322,-1.726798497,-1.960161635,1.1293601002425115,191.6,12.461935483870969
2006,36377.0,11.4,3191.0,6917,6/30/2006,-2.098224148,-1.611363762,-1.921155633,0.4708324299726201,112.1,12.55
2006,36377.0,11.4,3191.0,6917,7/31/2006,-2.465987447,-1.80910017,-2.211924789,1.1264520751374658,174.35,12.508387096774191
2006,36377.0,11.4,3191.0,6917,8/31/2006,-2.201926633,-1.797949621,-2.075199481,0.4139859244005968,105.2,12.359032258064516
2006,36377.0,11.4,3191.0,6917,9/30/2006,-2.232471077,-1.81108249,-2.146233779,1.1112226399576932,124.7,12.162
2006,36377.0,11.4,3191.0,6917,10/31/2006,-2.035879659,-1.905207286,-2.054454951,1.040180663687694,296.5,11.958387096774192
2006,36377.0,11.4,3191.0,6917,11/30/2006,-2.058506121,-1.927402189,-2.075105187,1.6314144789340983,460.3,11.784333333333333
2006,36377.0,11.4,3191.0,6917,12/31/2006,-2.405641671,-2.219015602,-2.356665029,0.5975146199192105,202.5,11.696451612903225
2007,44800.0,13.65,3279.0,5216,1/31/2007,-2.347986472,-2.637957669,-2.476889007,-0.25485985,202.2,11.740645161290322
2007,44800.0,13.65,3279.0,5216,2/28/2007,-1.926472054,-2.955937959,-2.331710976,-1.483154263,21.7,11.886071428571428
2007,44800.0,13.65,3279.0,5216,3/31/2007,-1.572331855,-2.406451026,-1.882841116,-4.138688935,26.7,12.079354838709676
2007,44800.0,13.65,3279.0,5216,4/30/2007,-1.685156674,-2.036040398,-1.855873228,0.7766705073168978,190.7,12.286
2007,44800.0,13.65,3279.0,5216,5/31/2007,-1.63844315,-1.771931672,-1.717827813,0.1193060470890219,82.85000000000001,12.46032258064516
2007,44800.0,13.65,3279.0,5216,6/30/2007,-1.182326461,-0.619354258,-0.962381196,0.6297613871951913,180.785,12.549666666666669
2007,44800.0,13.65,3279.0,5216,7/31/2007,-0.13248934,0.8112789177135352,0.3735979354437642,-0.155986996,102.722,12.509032258064517
2007,44800.0,13.65,3279.0,5216,8/31/2007,-0.068684252,0.6073831588996981,0.3641686038457905,-0.465530113,33.011,12.360322580645162
2007,44800.0,13.65,3279.0,5216,9/30/2007,-0.075782248,0.6952778063189267,0.3208565407057628,0.084862105,167.97299999999998,12.163333333333332
2007,44800.0,13.65,3279.0,5216,10/31/2007,-0.212437883,0.4438417690177647,0.1105195838602882,0.7131893963200264,272.396,11.96
2007,44800.0,13.65,3279.0,5216,11/30/2007,0.052109797,0.2179281001375722,0.1376760588624527,-0.019977585,176.26,11.785666666666666
2007,44800.0,13.65,3279.0,5216,12/31/2007,-0.33774185,0.1008296330965696,-0.073352382,0.3151130708289486,212.707,11.696774193548386
2008,31614.0,17.66,1790.0,3883,1/31/2008,-0.363110138,-0.071207413,-0.109183842,0.094749391,76.952,11.73967741935484
2008,31614.0,17.66,1790.0,3883,2/29/2008,-0.06857822,0.1399023296939775,0.1152992795323647,-0.655186831,79.863,11.887931034482758
2008,31614.0,17.66,1790.0,3883,3/31/2008,-0.048697116,0.3896819580828403,0.1963265014018521,0.4669766040925908,381.825,12.08483870967742
2008,31614.0,17.66,1790.0,3883,4/30/2008,0.1585541072627593,0.5888343086187174,0.3140359908498949,0.7826804258673314,301.367,12.291666666666666
2008,31614.0,17.66,1790.0,3883,5/31/2008,0.1565553936807827,0.860659922,0.5947157614162564,-0.236119244,16.958,12.464193548387096
2008,31614.0,17.66,1790.0,3883,6/30/2008,-0.027326256,0.7907477475551974,0.446549531,-0.386582617,47.282,12.550333333333333
2008,31614.0,17.66,1790.0,3883,7/31/2008,-0.107121052,0.9121648400432992,0.4396032566295829,-0.409954522,155.839,12.506774193548386
2008,31614.0,17.66,1790.0,3883,8/31/2008,-0.060996892,0.7241984373867928,0.3594539380468036,-0.429341356,62.725,12.356129032258066
2008,31614.0,17.66,1790.0,3883,9/30/2008,0.052109797,0.5142141246639299,0.3666516611665901,-0.924136442,49.087,12.159
2008,31614.0,17.66,1790.0,3883,10/31/2008,-0.046390908,0.488443966,0.1916118356028652,0.4262642526219126,247.64,11.95483870967742
2008,31614.0,17.66,1790.0,3883,11/30/2008,-0.235448714,0.3671684680471451,0.075316746,0.4200820066578495,176.183,11.782666666666668
2008,31614.0,17.66,1790.0,3883,12/31/2008,-0.27624297,0.367380859,0.028484399,-0.081670799,68.67,11.696451612903225
2009,51789.0,18.25,2837.0,4492,1/31/2009,-0.166313723,-0.165721593,0.007739869,-1.405791564,12.035,11.741612903225809
2009,51789.0,18.25,2837.0,4492,2/28/2009,-0.043837607,0.021031144,0.1821488278206125,-2.252996211,11.364,11.889285714285714
2009,51789.0,18.25,2837.0,4492,3/31/2009,0.2088294412094045,0.6764103689147998,0.4471467219079615,-0.851651224,221.614,12.083225806451612
2009,51789.0,18.25,2837.0,4492,4/30/2009,0.3738258098548931,0.7677032789809249,0.5936785349404792,0.134276991,130.65200000000002,12.289
2009,51789.0,18.25,2837.0,4492,5/31/2009,0.2849343045231339,0.9992453203700428,0.7064533408522482,-0.270369317,184.238,12.462903225806452
2009,51789.0,18.25,2837.0,4492,6/30/2009,-0.109939751,0.9399881154647712,0.4299853383996487,0.005731511,82.13550000000001,12.55
2009,51789.0,18.25,2837.0,4492,7/31/2009,-0.032553661,0.9100409258889892,0.5027797783360098,-0.897856512,53.0,12.507096774193547
2009,51789.0,18.25,2837.0,4492,8/31/2009,-0.026403773,0.7093310383066166,0.3867989996809273,-0.180543653,118.831,12.357096774193549
2009,51789.0,18.25,2837.0,4492,9/30/2009,0.088650381,0.5767633965083836,0.3666516611665901,-0.259706558,120.505,12.16
2009,51789.0,18.25,2837.0,4492,10/31/2009,0.4063945914278736,0.5011874511841582,0.4358315239903936,-0.265199495,247.003,11.956451612903225
2009,51789.0,18.25,2837.0,4492,11/30/2009,-0.142508532,0.4604436979906276,0.095778395,1.0711565162881391,407.671,11.783666666666669
2009,51789.0,18.25,2837.0,4492,12/31/2009,-0.478420537,0.4656118890994517,-0.052136386,1.258928774367449,186.6205,11.696129032258064
2010,26931.0,14.26,1889.0,3653,1/31/2010,-0.001035485,-0.644664235,-0.393949657,0.6459817050033526,112.717,11.740967741935483
2010,26931.0,14.26,1889.0,3653,2/28/2010,0.6225741346213446,-0.659721269,-0.129995724,-0.263283891,23.366,11.8875
2010,26931.0,14.26,1889.0,3653,3/31/2010,1.053670297591104,-0.292094485,0.2349867609535449,-0.89850274,109.749,12.081612903225803
2010,26931.0,14.26,1889.0,3653,4/30/2010,0.8099297387223533,0.4933643673824456,0.4601906306184929,0.3092323978387392,305.25600000000003,12.288333333333332
2010,26931.0,14.26,1889.0,3653,5/31/2010,0.4725058868317183,0.735879965,0.3839702002015356,1.1997989305647974,163.606,12.461935483870969
2010,26931.0,14.26,1889.0,3653,6/30/2010,0.228457834,0.463735765,0.1357273303322055,0.979004432,189.904,12.55
2010,26931.0,14.26,1889.0,3653,7/31/2010,0.073531906,0.2558753663612593,-0.043178521,0.9510012271328768,236.377,12.508064516129032
2010,26931.0,14.26,1889.0,3653,8/31/2010,0.030482691,0.1942818558862445,-0.062980118,0.9380766711104368,175.444,12.358387096774194
2010,26931.0,14.26,1889.0,3653,9/30/2010,0.1108924756925444,0.1915915646241176,-0.062068615,0.9930275751325014,119.042,12.161666666666669
2010,26931.0,14.26,1889.0,3653,10/31/2010,0.08813789,0.017996981,-0.130871305,1.050520308505646,301.063,11.958064516129031
2010,26931.0,14.26,1889.0,3653,11/30/2010,0.006831247,-0.026782209,-0.212120712,1.3436061572411189,522.244,11.784
2010,26931.0,14.26,1889.0,3653,12/31/2010,-0.379253593,-0.241120546,-0.44581098,1.5752572830166072,483.961,11.696129032258064
2011,34573.0,21.0,1611.0,3426,1/31/2011,-0.37233497,-0.568203326,-0.508987502,1.4660447846270128,341.503,11.740967741935483
2011,34573.0,21.0,1611.0,3426,2/28/2011,0.019994935,-0.294066691,-0.260490938,0.9451390177941288,305.253,11.886071428571428
2011,34573.0,21.0,1611.0,3426,3/31/2011,0.6147220455492931,-0.14129658,0.008682803,0.004277498,91.318,12.08
2011,34573.0,21.0,1611.0,3426,4/30/2011,0.51045582,0.145502627,0.073368017,0.6304291559230194,276.003,12.286
2011,34573.0,21.0,1611.0,3426,5/31/2011,0.5578355820622634,0.5033113653384682,0.2613888894278732,0.9988220844158948,99.797,12.46
2011,34573.0,21.0,1611.0,3426,6/30/2011,0.1236022441112685,0.3880182253286293,0.073368017,0.8755002790351378,69.143,12.549666666666669
2011,34573.0,21.0,1611.0,3426,7/31/2011,0.1665489615906665,0.2176449115836644,-0.020548125,0.6479203884067165,57.675,12.509032258064517
2011,34573.0,21.0,1611.0,3426,8/31/2011,0.1327245778956752,0.3110971343733393,0.009625736,0.5826513804934067,52.429,12.360322580645162
2011,34573.0,21.0,1611.0,3426,9/30/2011,0.1919172493619093,0.2343884348334801,-0.005555488,0.6704952795925763,153.80100000000002,12.163333333333332
2011,34573.0,21.0,1611.0,3426,10/31/2011,0.4279191992337759,-0.045720444,0.055829461,0.6375807435887645,275.687,11.959677419354838
2011,34573.0,21.0,1611.0,3426,11/30/2011,0.1776187598908454,-0.089331481,-0.102991915,0.8160688622586265,182.895,11.785666666666666
2011,34573.0,21.0,1611.0,3426,12/31/2011,-0.034091133,-0.353687996,-0.307199806,0.8631142461803019,86.495,11.696451612903225
2012,41992.0,15.0,2800.0,5612,1/31/2012,0.2803218885647252,-0.938826345,-0.413751253,-0.039665992,37.702,11.73967741935484
2012,41992.0,15.0,2800.0,5612,2/29/2012,0.3866725369850253,-0.542350164,-0.222368336,0.096398386,146.378,11.887931034482758
2012,41992.0,15.0,2800.0,5612,3/31/2012,0.8537989393934321,-0.437582605,0.1444651776129952,-0.998021821,64.46,12.08483870967742
2012,41992.0,15.0,2800.0,5612,4/30/2012,0.5303148335104304,0.3101059744346618,0.1883430006489007,0.6484589115743176,205.928,12.292
2012,41992.0,15.0,2800.0,5612,5/31/2012,0.6877519648907499,0.3206547480677386,0.2821334189434159,0.098626757,15.637,12.464193548387096
2012,41992.0,15.0,2800.0,5612,6/30/2012,0.265792778,0.4922670117360515,0.1444966087183217,0.4888621856239183,83.956,12.55
2012,41992.0,15.0,2800.0,5612,7/31/2012,0.2042170252509967,0.3981776147000828,0.098261453,0.4333727584342525,109.728,12.506774193548386
2012,41992.0,15.0,2800.0,5612,8/31/2012,0.2833968325369976,0.2664949371328131,0.039799597,0.311235704,78.027,12.356129032258066
2012,41992.0,15.0,2800.0,5612,9/30/2012,0.3754145309072338,0.2234148783695415,0.058752553,0.3319365345848232,49.041,12.158666666666669
2012,41992.0,15.0,2800.0,5612,10/31/2012,0.3694952637606099,0.08383832,0.015283335,0.7480856975806073,508.194,11.95483870967742
2012,41992.0,15.0,2800.0,5612,11/30/2012,0.191122889,0.053324753,-0.055248066,0.9015432594203484,320.706,11.782333333333334
2012,41992.0,15.0,2800.0,5612,12/31/2012,-0.074065404,-0.215633576,-0.260053148,1.1416384284638277,478.052,11.696451612903225
2013,37382.0,19.0,1926.0,4155,1/31/2013,-0.098664956,-0.557583755,-0.449582713,0.9173973814745384,283.957,11.741612903225809
2013,37382.0,19.0,1926.0,4155,2/28/2013,0.2744740040460304,-0.515105472,-0.234391896,0.5602180439687473,90.905,11.889285714285714
2013,37382.0,19.0,1926.0,4155,3/31/2013,0.6308655014037201,0.057289393,0.2038699666802307,0.2685846691481761,109.616,12.083870967741936
2013,37382.0,19.0,1926.0,4155,4/30/2013,0.7932481676727783,0.4231336060132356,0.4290109741345246,0.3773448080769884,168.325,12.289333333333332
2013,37382.0,19.0,1926.0,4155,5/31/2013,0.3341334080794833,0.6403038282915149,0.2661035552268601,1.1829970077356298,167.337,12.462903225806452
2013,37382.0,19.0,1926.0,4155,6/30/2013,-0.179843477,0.3660711124007511,-0.053299337,1.2207367113211471,288.682,12.55
2013,37382.0,19.0,1926.0,4155,7/31/2013,-0.07867782,0.1953438129634001,-0.117670241,1.0317797022731088,109.849,12.507096774193547
2013,37382.0,19.0,1926.0,4155,8/31/2013,0.2242041610707635,0.1751666284974482,-0.046950254,0.7577791145974351,105.48,12.356774193548388
2013,37382.0,19.0,1926.0,4155,9/30/2013,0.009214328,0.1751312299282097,-0.094222636,0.8988721845090444,171.828,12.16
2013,37382.0,19.0,1926.0,4155,10/31/2013,0.2895467204815417,0.1709188001888269,-0.029034524,0.7971990104658706,264.826,11.956129032258064
2013,37382.0,19.0,1926.0,4155,11/30/2013,0.3198092940753171,-0.166146376,-0.038683873,0.5022175601804363,151.228,11.783666666666669
2013,37382.0,19.0,1926.0,4155,12/31/2013,-0.144789116,-0.352626039,-0.350574731,1.002053223421504,89.42099999999999,11.696129032258064
2014,46137.0,19.0,2366.0,5452,1/31/2014,0.1457930897778307,-0.006428032,0.1821825040048914,-0.048066953,67.04599999999999,11.740967741935483
2014,46137.0,19.0,2366.0,5452,2/28/2014,0.7102374926879879,-0.285836524,0.3397870464281718,-1.567579309,27.347,11.887857142857143
2014,46137.0,19.0,2366.0,5452,3/31/2014,1.0598201855356488,-0.506609815,0.2255574293555711,-1.548607908,26.364,12.081612903225803
2014,46137.0,19.0,2366.0,5452,4/30/2014,0.9346443413310804,0.4110626939029017,0.461164995,-0.31112475,319.773,12.288333333333332
2014,46137.0,19.0,2366.0,5452,5/31/2014,0.5732103019236223,0.5734005324307244,0.3189078121755156,0.8269254893174756,145.555,12.461935483870969
2014,46137.0,19.0,2366.0,5452,6/30/2014,0.19350597,0.6382153127064434,0.2507023136168352,0.7272556214577807,111.516,12.55
2014,46137.0,19.0,2366.0,5452,7/31/2014,0.1434868817986272,0.4863200521039808,0.1444651776129952,0.4585756426780084,72.54,12.508064516129032
2014,46137.0,19.0,2366.0,5452,8/31/2014,0.081219266,0.2484416668211712,-0.026205724,0.6259486431685728,121.0,12.358387096774194
2014,46137.0,19.0,2366.0,5452,9/30/2014,0.2522886493508474,0.3627790454615699,0.073368017,0.6791762730543113,258.476,12.161666666666669
2014,46137.0,19.0,2366.0,5452,10/31/2014,0.2142105931608805,0.2261405682009069,-0.003575328,1.208846119780504,690.894,11.958064516129031
2014,46137.0,19.0,2366.0,5452,11/30/2014,-0.121060798,-0.033366343,-0.226736176,1.3028722648437367,287.868,11.784
2014,46137.0,19.0,2366.0,5452,12/31/2014,-0.071759196,0.3482656320737786,0.1746390387265117,1.4343796223720384,665.285,11.696451612903225
2015,36040.0,20.0,1802.0,4634,1/31/2015,0.5201675184019323,-0.056340014,0.3509675396086263,-1.058121007,8.924,11.740967741935483
2015,36040.0,20.0,1802.0,4634,2/28/2015,0.5800191064336528,-0.043634456,0.3815455149334854,-0.950131725,109.742,11.88642857142857
2015,36040.0,20.0,1802.0,4634,3/31/2015,1.0436767296812208,0.2325123106638394,0.7828309267958382,-1.390928324,89.954,12.08
2015,36040.0,20.0,1802.0,4634,4/30/2015,0.8703011387112906,0.6755254046838366,0.7359357176485806,0.2144092384874568,225.848,12.286
2015,36040.0,20.0,1802.0,4634,5/31/2015,0.6969767968075656,0.8017213040191371,0.89126824,0.013970916,161.817,12.46032258064516
2015,36040.0,20.0,1802.0,4634,6/30/2015,0.4961573308851091,0.7918451032015926,0.8596799793193276,-0.342509881,113.214,12.549333333333331
2015,36040.0,20.0,1802.0,4634,7/31/2015,0.4094695354001453,0.7210125661553259,0.7592575978009037,-0.537261399,57.172,12.509032258064517
2015,36040.0,20.0,1802.0,4634,8/31/2015,0.503255327,0.6318081716742724,0.7658581299194858,-0.419001711,142.908,12.36
2015,36040.0,20.0,1802.0,4634,9/30/2015,0.4786813993093646,0.5526215722877171,0.6706533118852737,0.072174499,171.697,12.163
2015,36040.0,20.0,1802.0,4634,10/31/2015,0.4363752951575244,0.5256124639587314,0.5310677731299313,0.8417887287432765,408.316,11.959354838709675
2015,36040.0,20.0,1802.0,4634,11/30/2015,0.3396683072295735,0.4483727858802949,0.4407033453160132,1.0624755228263985,435.68,11.785666666666666
2015,36040.0,20.0,1802.0,4634,12/31/2015,0.3356708800656195,0.4289743699375896,0.4744917835420874,0.6065618091349171,307.418,11.696451612903225
2016,27608.0,19.0,1446.0,3923,1/31/2016,0.6062659496255455,0.070032878,0.5178667088927671,-0.970234026,11.21,11.74
2016,27608.0,19.0,1446.0,3923,2/29/2016,1.0070954996662622,0.2170956234403083,0.8359928480464857,-1.98773084,37.885,11.887931034482758
2016,27608.0,19.0,1446.0,3923,3/31/2016,1.7193956675879671,0.5171168073414888,1.341047357395904,-2.495977864,158.608,12.08483870967742
2016,27608.0,19.0,1446.0,3923,4/30/2016,1.520088049118545,0.9147489355977096,1.3429646548208247,-1.081729862,158.302,12.292
2016,27608.0,19.0,1446.0,3923,5/31/2016,0.5193987824088642,0.8495093724911301,0.7950890578732058,0.7532555199895832,596.8340000000001,12.464193548387096
2016,27608.0,19.0,1446.0,3923,6/30/2016,0.2920066756593595,0.9564484501606804,0.761269189,-0.152195793,103.087,12.55
2016,27608.0,19.0,1446.0,3923,7/31/2016,0.3464331839685715,0.7050832099979953,0.7168256056100196,-0.535968943,70.07300000000001,12.506774193548386
2016,27608.0,19.0,1446.0,3923,8/31/2016,0.3710327357467461,0.8367658875652652,0.7432277340843478,-0.75439394,42.106,12.356129032258066
2016,27608.0,19.0,1446.0,3923,9/30/2016,0.4500844203672359,0.4911696560896586,0.695012419,-1.231310057,24.86,12.158666666666669
2016,27608.0,19.0,1446.0,3923,10/31/2016,0.7138889886550617,0.1592372723401164,0.7347413356461706,-1.416131208,93.259,11.95483870967742
2016,27608.0,19.0,1446.0,3923,11/30/2016,0.3396683072295735,0.3024244849099043,0.4143955101576646,0.4174109317465453,235.274,11.782333333333334
2016,27608.0,19.0,1446.0,3923,12/31/2016,0.4479063350535436,-0.14129658,0.3660544701653856,-0.775719457,64.31,11.696451612903225
2017,20972.0,20.0,1056.0,1985,1/31/2017,0.34335824,-0.549088098,0.160495041,-1.199644895,120.845,11.742258064516127
2017,20972.0,20.0,1056.0,1985,2/28/2017,0.6540648554802367,-0.187074516,0.4107764428872044,-1.837310178,70.54599999999999,11.89
2017,20972.0,20.0,1056.0,1985,3/31/2017,1.060588921528716,0.173042714,0.7300266698471837,-0.929521674,302.665,12.083870967741936
2017,20972.0,20.0,1056.0,1985,4/30/2017,1.1753355807606607,0.6096840659002016,1.0720913891163557,-1.024301752,78.946,12.289333333333332
2017,20972.0,20.0,1056.0,1985,5/31/2017,0.699283005,0.925970282,0.8922111733323376,0.00686241,162.037,12.462903225806452
2017,20972.0,20.0,1056.0,1985,6/30/2017,0.3325190624940412,0.9740061405029824,0.761269189,-0.130159425,107.109,12.55
2017,20972.0,20.0,1056.0,1985,7/31/2017,0.5624479980206711,0.9726963934411572,0.8922111733323376,-0.959894381,51.366,12.507096774193547
2017,20972.0,20.0,1056.0,1985,8/31/2017,0.4379127671436597,0.7879158620161176,0.7451136,-0.450020646,106.035,12.356774193548388
2017,20972.0,20.0,1056.0,1985,9/30/2017,0.2967728388163808,0.6755254046838366,0.5839348922892399,0.095546405,112.331,12.16
2017,20972.0,20.0,1056.0,1985,10/31/2017,0.3126088002735802,0.5765864036621913,0.5801002974393964,0.2873252753807105,322.111,11.955806451612904
2017,20972.0,20.0,1056.0,1985,11/30/2017,0.2610266151387197,0.4417886520019327,0.388087675,0.7719961262221177,200.641,11.783333333333331
2017,20972.0,20.0,1056.0,1985,12/31/2017,0.2764782085993854,0.2218927398922856,0.317964879,0.082471062,136.75199999999998,11.696451612903225
2018,9240.0,20.0,462.0,1452,1/31/2018,0.2949278724330177,-0.371741266,0.1171201159788693,-0.903672562,22.692,11.741290322580646
2018,9240.0,20.0,462.0,1452,2/28/2018,0.785134342,0.073939363,0.545447504,-1.548977181,39.81,11.888214285714286
2018,9240.0,20.0,462.0,1452,3/31/2018,1.1213190649810865,0.4746385242552726,0.9346431655232208,-1.467183205,74.773,12.081612903225803
2018,9240.0,20.0,462.0,1452,4/30/2018,1.0490322570995938,0.717224919,0.8401926940168479,-0.17489993,233.273,12.288333333333332
2018,9240.0,20.0,462.0,1452,5/31/2018,0.4794245107693305,0.7380038793898123,0.6508202844242019,0.6078542647371596,435.68,12.462258064516128
2018,9240.0,20.0,462.0,1452,6/30/2018,0.2101875414638242,0.9114568686585286,0.6609096692340344,0.1382836035153008,136.546,12.55
2018,9240.0,20.0,462.0,1452,7/31/2018,0.2242041610707635,0.9663246509782248,0.6149888243519009,-0.387982777,52.579,12.508064516129032
2018,9240.0,20.0,462.0,1452,8/31/2018,0.1803862094658893,0.6254364292113399,0.5056085778154016,-0.209623904,171.433,12.358064516129032
2018,9240.0,20.0,462.0,1452,9/30/2018,0.5835369887638353,0.4066732713173265,0.6375249268710592,-0.793921541,162.533,12.161666666666669
2018,9240.0,20.0,462.0,1452,10/31/2018,0.3202961602042605,0.6158788155169406,0.4405461897893805,1.0240249686596476,438.647,11.958064516129031
2018,9240.0,20.0,462.0,1452,11/30/2018,0.3356965045987217,0.4417886520019327,0.4416777095811374,0.6517977552134471,345.731,11.784
2018,9240.0,20.0,462.0,1452,12/31/2018,0.3095338563013086,0.2601231946698806,0.3622827375261953,0.027541699,110.101,11.696129032258064
2019,9023.0,28.0,472.0,1171,1/31/2019,0.4632810549149034,-0.209261833,0.335880609,-1.122743787,8.597999999999999,11.740967741935483
2019,9023.0,28.0,472.0,1171,2/28/2019,0.7093863921242346,0.3173171686823929,0.671766871,-0.699002986,75.806,11.88642857142857
2019,9023.0,28.0,472.0,1171,3/31/2019,1.436500822138954,0.3440178037651573,1.076083139492832,-2.71181795,26.856,12.08
2019,9023.0,28.0,472.0,1171,4/30/2019,1.3477118149396028,0.7479508773458349,1.118860873842308,-1.056354651,210.434,12.286333333333332
2019,9023.0,28.0,472.0,1171,5/31/2019,0.9814091142427152,0.7911017332475834,1.1458601933178398,-1.129206065,28.534,12.46032258064516
2019,9023.0,28.0,472.0,1171,6/30/2019,0.6629730413808587,1.0266792115298904,1.017526990269413,-0.833987664,80.007,12.549666666666669
2019,9023.0,28.0,472.0,1171,7/31/2019,0.688520701,0.6392418712143605,0.8988117054509197,-1.226140235,114.699,12.508709677419354
2019,9023.0,28.0,472.0,1171,8/31/2019,0.3118400642805121,0.8027832610962927,0.675336547,-0.278770278,156.69899999999998,12.359354838709676
2019,9023.0,28.0,472.0,1171,9/30/2019,0.4135438361634052,0.4845855222112952,0.6092683631824622,-0.12748835,110.185,12.163
2019,9023.0,28.0,472.0,1171,10/31/2019,0.2887779844884736,0.4183547991660359,0.3349376758920704,1.201737613968164,482.687,11.959354838709675
2019,9023.0,28.0,472.0,1171,11/30/2019,0.5732103019236223,0.5153114803103239,0.542037229,0.4554737492326204,193.428,11.785
2019,9023.0,28.0,472.0,1171,12/31/2019,0.2803218885647252,0.4151689279345703,0.4160299276346473,0.3984764571736716,232.098,11.696451612903225
2020,15217.0,17.0,1251.0,3233,1/31/2020,0.6962080608144975,0.1305644312569208,0.5659563000424347,-1.225494007,28.675,11.74
2020,15217.0,17.0,1251.0,3233,2/29/2020,0.972581904,0.4055380758210567,0.8218813655860703,-2.245397463,7.122,11.888275862068966
2020,15217.0,17.0,1251.0,3233,3/31/2020,1.520293045383361,0.6849060255320423,1.2806996351688698,-2.921841985,60.023,12.08548387096774
2020,15217.0,17.0,1251.0,3233,4/30/2020,1.4215873438734352,0.8423234629357126,1.1383481591447877,-1.069710025,177.15,12.292
2020,15217.0,17.0,1251.0,3233,5/31/2020,0.7692379801559551,1.1744682381006846,0.9949908877502548,0.099272985,331.059,12.464516129032257
2020,15217.0,17.0,1251.0,3233,6/30/2020,0.7018967071632012,0.9794929187349528,0.9269111136128816,-0.775224016,125.713,12.55
2020,15217.0,17.0,1251.0,3233,7/31/2020,0.4686622068663785,0.9227844108148532,0.7451136,-0.375058221,122.724,12.506451612903223
2020,15217.0,17.0,1251.0,3233,8/31/2020,0.4348378231713881,0.8452615441825089,0.7328554693265765,-0.626440835,121.711,12.355483870967742
2020,15217.0,17.0,1251.0,3233,9/30/2020,0.1657033519982917,0.8412261072893185,0.505011387,0.2631563556187515,245.653,12.158666666666669
2020,15217.0,17.0,1251.0,3233,10/31/2020,0.360270432,-0.057401971,0.5593557679238537,-0.126260517,66.063,11.95483870967742
2020,15217.0,17.0,1251.0,3233,11/30/2020,0.4905968072019183,0.2486540582366021,0.5079344796095685,0.7245845465464764,190.34,11.782333333333334
2020,15217.0,17.0,1251.0,3233,12/31/2020,0.1803862094658893,0.3355221471479148,0.2962774163403766,0.605915581,197.058,11.696451612903225
2021,39096.0,16.4,1765.1,4184,1/31/2021,0.2341977289806474,0.2601231946698806,0.324565411,0.437250125,160.848,11.742258064516127
2021,39096.0,16.4,1765.1,4184,2/28/2021,0.7051308893054656,0.2561787826690182,0.5778103169084597,-1.394436418,49.77,11.890357142857145
2021,39096.0,16.4,1765.1,4184,3/31/2021,1.0359893697505411,0.4119830567031034,0.7620863972802965,-1.343753695,90.008,12.084193548387097
2021,39096.0,16.4,1765.1,4184,4/30/2021,0.987866497,0.7238090531251683,0.9278854778780068,-0.600936378,253.521,12.290333333333333
2021,39096.0,16.4,1765.1,4184,5/31/2021,0.534773502,1.0257942472989272,0.7668010630792834,0.578774014,347.171,12.462903225806452
2021,39096.0,16.4,1765.1,4184,6/30/2021,0.4286366861606395,0.7940398144943797,0.7193715251414734,-0.087422226,155.737,12.55
2021,39096.0,16.4,1765.1,4184,7/31/2021,0.360270432,1.039599689301948,0.7083392071718434,0.031419066,153.832,12.507096774193547
2021,39096.0,16.4,1765.1,4184,8/31/2021,0.2680221126756387,0.9057930975803667,0.5980160274755464,0.063084228,132.392,12.356774193548388
2021,39096.0,16.4,1765.1,4184,9/30/2021,0.3492006335436153,0.8818282662058928,0.6492172980525458,0.1222571540474786,163.44400000000002,12.159666666666668
2021,39096.0,16.4,1765.1,4184,10/31/2021,0.2964653444191531,0.7953495615562046,0.5046656446556039,0.7345149137570459,412.075,11.955806451612904
2021,39096.0,16.4,1765.1,4184,11/30/2021,0.095799626,0.631631179,0.3267027262965066,1.1820061251072438,499.447,11.783333333333331
2021,39096.0,16.4,1765.1,4184,12/31/2021,0.5263174063464764,0.3610091169996435,0.4980651125370229,-0.173435147,57.873000000000005,11.696129032258064
2022,4994.7,8.4,1374.7,3233,1/31/2022,0.5762852458958939,0.1231307317168339,0.5169237757329694,-0.829356365,25.179,11.741290322580646
2022,4994.7,8.4,1374.7,3233,2/28/2022,0.6174675312388215,0.3608194818072944,0.5611069295063343,-1.162625274,26.133,11.888214285714286
2022,4994.7,8.4,1374.7,3233,3/31/2022,0.8553364113795683,0.7072071241523066,0.8497791811414545,-0.550832183,78.451,12.082258064516129
2022,4994.7,8.4,1374.7,3233,4/30/2022,0.8337605545074599,0.7698979902737131,0.7320382605880851,0.3933712575448106,292.158,12.288666666666668
2022,4994.7,8.4,1374.7,3233,5/31/2022,0.3387458240378911,1.0884497148510963,0.7866026594350275,0.2692308969492973,168.988,12.462580645161289
2022,4994.7,8.4,1374.7,3233,6/30/2022,0.4183099993204265,0.9070674460729532,0.7476280888300693,-0.220975972,42.15,12.55
2022,4994.7,8.4,1374.7,3233,7/31/2022,0.3894823995803776,0.9217224537376976,0.6593066828623781,-0.04031222,154.086,12.508064516129032
2022,4994.7,8.4,1374.7,3233,8/31/2022,0.2495724488420063,0.8781822135743269,0.5423829710475002,0.0391738,268.388,12.358064516129032
2022,4994.7,8.4,1374.7,3233,9/30/2022,0.3492006335436153,0.6788174716230176,0.5829605280241157,-0.345848724,168.921,12.161333333333332
2022,4994.7,8.4,1374.7,3233,10/31/2022,0.1919172493619085,0.6020733735139212,0.3924565986397129,0.7661800760120204,271.896,11.958064516129031
2022,4994.7,8.4,1374.7,3233,11/30/2022,0.3690596466978718,0.3068139074954795,0.3481387401292345,0.3132390102056969,278.583,11.784
2022,4994.7,8.4,1374.7,3233,12/31/2022,0.1281121619372674,0.218706869,0.1642667739687393,0.6104391759416476,276.318,11.696129032258064
2023,2227.8,15.7,109.6,336,1/31/2023,0.2195917451123556,-0.069083499,0.1435222444531976,-0.279416506,45.204,11.740967741935483
2023,2227.8,15.7,109.6,336,2/28/2023,0.5757636036148839,0.177404324,0.4650624519441125,-0.770549635,78.357,11.886785714285711
2023,2227.8,15.7,109.6,336,3/31/2023,1.150531032717668,0.6339320858285836,0.8742954432961876,-1.144069304,87.529,12.08032258064516
2023,2227.8,15.7,109.6,336,4/30/2023,1.2269690149617265,0.8072080822511063,0.9600394986270973,-0.520136362,192.193,12.286333333333332
2023,2227.8,15.7,109.6,336,5/31/2023,0.7630880922114119,1.0427855605334146,0.9836756898326868,-0.030618803,150.78,12.460967741935484
2023,2227.8,15.7,109.6,336,6/30/2023,0.6415253071742631,1.1759195794394637,0.9746549626039572,-0.345180955,75.601,12.549666666666669
2023,2227.8,15.7,109.6,336,7/31/2023,0.4686622068663785,1.1861497659493938,0.8705237106569983,-0.619978557,71.368,12.508387096774191
2023,2227.8,15.7,109.6,336,8/31/2023,0.9767966982843072,0.9365898528178735,1.1100287332455387,-1.89175487,39.42,12.359032258064516
2023,2227.8,15.7,109.6,336,9/30/2023,0.3793863335380848,0.8028186596655311,0.621935099,0.1149116980413914,203.695,12.162666666666668
2023,2227.8,15.7,109.6,336,10/31/2023,0.4379127671436597,0.7401277935441246,0.5320107062897278,0.8947794084352734,491.803,11.959032258064516
2023,2227.8,15.7,109.6,336,11/30/2023,0.5938636756040492,0.800623948,0.5761399781682468,1.2207367113211471,541.147,11.784666666666668
2023,2227.8,15.7,109.6,336,12/31/2023,0.333364672,0.8346419734109551,0.5687850995218274,0.9064115088554652,352.595,11.696451612903225
